"Issue Type","Summary","Description","Acceptance Criteria","Story Points","Epic Link","Priority"
"Epic","EPIC-1: Infraestructura Base, Autenticación y Arquitectura NestJS/Supabase","Módulo para el setup del repositorio, arquitectura cliente-servidor (NestJS + React + Supabase), base de datos PostgreSQL/Prisma ORM y control de acceso basado en roles (RBAC).","Configuración inicial completa y funcional del proyecto en entornos de desarrollo.",13,"","High"
"Epic","EPIC-2: Gestión de Insumos y Categorías Dinámicas","Módulo para administrar materias primas, cálculo automático de costo unitario por gramo/ml y gestión de categorías dinámicas de productos y gastos.","CRUD de insumos y categorías con validación de stock mínimo.",8,"","High"
"Epic","EPIC-3: Cocina y Recetas Base Desacopladas","Módulo para crear y gestionar recetas base en cocina (mezclas/masas en gramos/ml), calculando el costo total del lote y costo por gramo de masa.","Recetas base creadas independientemente de los productos finales.",13,"","High"
"Epic","EPIC-4: Definición y Costeo Completo de Productos Finales","Módulo para estructurar productos comerciales asociando receta base, insumos adicionales (rellenos/toppings), costos indirectos y margen de ganancia %.","Cálculo automático de costo directo total por unidad y margen %.",13,"","High"
"Epic","EPIC-5: Punto de Venta POS, Pago Mixto y Sync Offline","Módulo de interfaz de cobranza rápida en mostrador con soporte de pago en USD/VES, pago mixto, clientes opcionales y modo offline con IndexedDB.","Ventas registradas en menos de 10s y sincronización offline limpia.",21,"","High"
"Epic","EPIC-6: Lotes de Producción y Control de Mermas","Módulo para registrar horneados de lotes de producción (descuento automático de insumos e incremento de stock de galletas) y descarte de mermas.","Deducción de insumos exacta e inventario de galletas actualizado.",8,"","Medium"
"Epic","EPIC-7: Gestión de Gastos Operativos (Fijos y Variables)","Módulo para registrar egresos operativos del negocio en USD y Bolívares clasificando por categorías dinámicas.","Egresos consolidados para el cálculo del punto de equilibrio.",5,"","Medium"
"Epic","EPIC-8: Dashboard Financiero, KPIs y Comparativas","Módulo de inteligencia financiera con métricas en tiempo real (Utilidad Neta, Ticket Promedio, Punto de Equilibrio y comparativas de período).","Visualización de gráficas y KPIs consolidados.",13,"","High"
"Story","[Setup] Inicialización de Monorepo / Estructura NestJS + React Tailwind","Como Desarrollador, quiero inicializar la estructura del proyecto con React (Next.js/Vite), NestJS API y TailwindCSS para establecer la base del software.","El proyecto compila sin errores, Tailwind CSS carga con la paleta #AA1616 y #FFF3E8, y NestJS responde en localhost:3000.",3,"EPIC-1: Infraestructura Base, Autenticación y Arquitectura NestJS/Supabase","High"
"Story","[DB] Configuración de Prisma ORM y Migración de Esquema 3NF","Como Desarrollador, quiero aplicar el esquema Prisma ORM en PostgreSQL (Supabase) con las 14 tablas normalizadas del Diccionario de Datos.","Migración exitosa de Prisma. Tablas usuarios, clientes, categorias, insumos, recetas, receta_insumos, productos, producto_insumos_adicionales, lotes_produccion, mermas, gastos, ventas, venta_detalles y venta_pagos creadas con llaves foráneas y checks.",5,"EPIC-1: Infraestructura Base, Autenticación y Arquitectura NestJS/Supabase","High"
"Story","[Auth] Login de Usuarios y Control de Acceso por Roles (RBAC)","Como Usuario (Admin/Cajero), quiero autenticarme con mi correo y contraseña para acceder a las vistas permitidas según mi rol.","Login mediante Supabase Auth / JWT. Redirección automática: Admin a Dashboard, Cajero exclusivamente a POS. Bloqueo de rutas protegidas.",5,"EPIC-1: Infraestructura Base, Autenticación y Arquitectura NestJS/Supabase","High"
"Story","[Insumos] CRUD de Insumos y Cálculo de Costo Unitario","Como Administrador, quiero registrar insumos ingresando cantidad de paquete y precio de compra para obtener el costo derivado por gramo/ml.","Se calcula C_unitario = P_compra / Q_empaque con precisión de 4 decimales. Validación de campos obligatorios.",3,"EPIC-2: Gestión de Insumos y Categorías Dinámicas","High"
"Story","[Categorías] Módulo de Categorías Dinámicas para Productos y Gastos","Como Administrador, quiero gestionar categorías clasificadas por tipo (producto o gasto) para organizar la información sin texto plano.","CRUD funcional de categorías. Eliminación lógica protegida si hay productos o gastos asociados.",2,"EPIC-2: Gestión de Insumos y Categorías Dinámicas","Medium"
"Story","[Recetas] Creación de Receta Base en Cocina y Costo por Gramo","Como Administrador, quiero registrar mezclas de cocina ingresando ingredientes en gramos/ml y el peso total del lote para obtener el costo por gramo de masa.","Cálculo automático de Costo Total Lote y Costo por Gramo (C_gramo = Costo_Lote / Peso_Total). Posibilidad de agregar N ingredientes.",5,"EPIC-3: Cocina y Recetas Base Desacopladas","High"
"Story","[Productos] Constructor de Productos, Asignación de Masa y Rellenos","Como Administrador, quiero crear un producto asociando una receta base, gramos de masa y rellenos/toppings adicionales.","Cálculo automático de Costo de Masa (Gramos * C_gramo) + Costo de Insumos Adicionales. Visualización clara en la UI.",5,"EPIC-4: Definición y Costeo Completo de Productos Finales","High"
"Story","[Productos] Estructuración de Indirectos, Precio y Alerta de Pérdida","Como Administrador, quiero ingresar costos de empaque, mano de obra, depreciación, desperdicio y precio sugerido para evaluar el margen de ganancia.","Cálculo de Costo Directo Total. Alerta visual en rojo si Precio Venta <= Costo Directo Total. Cálculo de Margen %.",5,"EPIC-4: Definición y Costeo Completo de Productos Finales","High"
"Story","[POS] Interfaz de Catálogo Visual de Galletas y Filtro por Categorías","Como Cajero/Admin, quiero ver el grid de galletas con sus fotos, precios en USD y estado de stock para agregarlas rápidamente al carrito.","Grid responsive con tarjetas de productos. Badges de stock (Normal verde, Stock Bajo amarillo intermitente, Agotado gris). Filtro por categorías.",5,"EPIC-5: Punto de Venta POS, Pago Mixto y Sync Offline","High"
"Story","[POS] Carrito de Compras, Cliente Opcional y Modal de Pago Mixto","Como Cajero, quiero desglosar el pago de una venta en múltiples métodos (USD, VES, Pago Móvil, Punto) y validar el monto total.","Formulario de pago mixto en USD/VES con tasa del día. El botón de cobro se habilita solo cuando Suma de Pagos == Total Venta. Selección opcional de Cliente.",8,"EPIC-5: Punto de Venta POS, Pago Mixto y Sync Offline","High"
"Story","[POS] Modo Offline con IndexedDB y Sincronización Automática PWA","Como Cajero, quiero poder registrar ventas aunque se caiga la conexión a internet para no detener la atención en mostrador.","Si no hay red, la venta se guarda en IndexedDB (estado: 'offline_pending') y descuenta stock visualmente. Al detectar red, NestJS sincroniza en Supabase y cambia a 'offline_synced'.",8,"EPIC-5: Punto de Venta POS, Pago Mixto y Sync Offline","High"
"Story","[Producción] Registro de Lote de Producción e Incremento de Stock","Como Administrador, quiero registrar la producción de N galletas para que el sistema descuente los insumos requeridos e incremente el stock de producto terminado.","Verificación de insumos suficientes. Si falta insumo, muestra desglose y enlace para comprar. Si alcanza, efectúa deducción e incrementa stock de galletas.",5,"EPIC-6: Lotes de Producción y Control de Mermas","Medium"
"Story","[Mermas] Registro de Descarte y Ajuste de Inventario","Como Administrador, quiero registrar mermas indicando producto, cantidad descartada y motivo para mantener el stock real.","Descuento inmediato del stock de producto final y registro histórico con fecha y usuario.",3,"EPIC-6: Lotes de Producción y Control de Mermas","Medium"
"Story","[Gastos] Registro de Gastos Fijos y Variables en USD/VES","Como Administrador, quiero registrar egresos operativos asignando categoría y concepto para tener el control de costos fijos.","Formulario de gasto en USD/VES. Guardado en tabla gastos asociada al usuario creador.",3,"EPIC-7: Gestión de Gastos Operativos (Fijos y Variables)","Medium"
"Story","[Dashboard] Métricas KPI en Tiempo Real y Monitor de Punto de Equilibrio","Como Administrador, quiero ver en el Dashboard las Ventas Totales, Egresos, Utilidad Neta Real y la barra de progreso del Punto de Equilibrio.","Cálculo automático de Utilidad Neta = Ingresos - Costos Directos - Gastos. Barra de progreso del Punto de Equilibrio ($PE).",5,"EPIC-8: Dashboard Financiero, KPIs y Comparativas","High"
"Story","[Dashboard] Gráficas Comparativas de Período y Rankings","Como Administrador, quiero comparar las métricas de este mes contra el mes anterior y ver el ranking de galletas más vendidas.","Gráfico de barras de Ingresos vs Egresos. Tabla de Top 5 Productos más vendidos y Clientes Frecuentes.",5,"EPIC-8: Dashboard Financiero, KPIs y Comparativas","High"
